{
  "Pipe Fittings": {
    "sum_dy": 12.0, 
    "sum_dx": 0.0, 
    "count": 6
  }, 
  "Pipes": {
    "sum_dy": 23.672000000000025, 
    "sum_dx": 0.0, 
    "count": 26
  }, 
  "Specialty Equipment": {
    "sum_dy": 8.6680000000000064, 
    "sum_dx": 5.8251427041358248, 
    "count": 8
  }
}